CODE,CODE_TRIP,TRIP,EARNING,RATE
101,10120,20,108,10.8
101,10126,26,173,16.2
101,10131,31,254,23.4
101,10136,36,371,48.6
101,10139,39,517,48.6
102,10214,14,108,12.6
102,10218,18,158,21.6
102,10221,21,223,37.8
102,10225,25,374,75.6
102,10227,27,526,75.6
103,10311,11,108,21.6
103,10314,14,173,27
103,10317,17,254,45
103,10320,20,289,81
103,10322,22,551,81
104,10411,11,118,21.6
104,10414,14,183,28.8
104,10417,17,269,59.4
104,10419,19,388,86.4
104,10421,21,561,86.4
105,10510,10,108,21.6
105,10513,13,173,28.8
105,10515,15,230,50.4
105,10518,18,282,86.4
105,10520,20,554,86.4
106,10610,10,118,21.6
106,10612,12,161,32.4
106,10615,15,258,54
106,10617,17,366,91.8
106,10619,19,550,91.8
107,10709,9,108,21.6
107,10712,12,173,36
107,10714,14,245,57.6
107,10716,16,360,95.4
107,10718,18,551,95.4
108,10809,9,118,25.2
108,10811,11,168,37.8
108,10813,13,244,57.6
108,10815,15,359,95.4
108,10817,17,550,97.2
109,10909,9,118,27
109,10911,11,172,39.6
109,10913,13,251,57.6
109,10915,15,366,97.2
109,10917,17,561,99
110,11009,9,128,27
110,11010,10,155,39.6
110,11012,12,234,57.6
110,11014,14,349,97.2
110,11016,16,544,99
111,11108,8,118,27
111,11111,11,199,39.6
111,11113,13,278,57.6
111,11115,15,393,97.2
111,11117,17,588,99
112,11207,7,108,27
112,11210,10,189,39.6
112,11212,12,268,57.6
112,11214,14,383,97.2
112,11216,16,578,99
113,11329,29,108,5.4
113,11339,39,162,10.8
113,11346,46,238,18
113,11354,54,382,25.2
113,11362,62,583,25.2
114,11418,18,108,10.8
114,11423,23,162,16.2
114,11428,28,243,27
114,11433,33,378,41.4
114,11438,38,585,43.2
115,11514,14,108,14.4
115,11518,18,166,21.6
115,11522,22,252,43.2
115,11526,26,425,54
115,11528,28,533,54
116,11612,12,108,14.4
116,11616,16,166,27
116,11619,19,247,46.8
116,11625,25,542,54
116,11629,29,434,54
117,11711,11,108,18
117,11714,14,162,27
117,11717,17,243,46.8
117,11720,20,383,57.6
117,11723,23,556,63
118,11810,10,108,18
118,11813,13,162,27
118,11815,15,216,46.8
118,11818,18,356,72
118,11821,21,572,72
119,11910,10,108,18
119,11913,13,162,28.8
119,11915,15,220,46.8
119,11918,18,360,81
119,11920,20,522,81
120,12009,9,108,18
120,12012,12,162,28.8
120,12015,15,248,68.4
120,12017,17,385,81
120,12019,19,547,81
121,12108,8,108,19.8
121,12111,11,167,28.8
121,12113,13,225,68.4
121,12115,15,362,81
121,12117,17,524,81
122,12208,8,118,21.6
122,12211,11,183,28.8
122,12213,13,240,68.4
122,12215,15,377,81
122,12217,17,539,81
123,12307,7,118,19.8
123,12311,11,197,28.8
123,12313,13,255,68.4
123,12315,15,392,81
123,12317,17,554,81
124,12406,6,118,21.6
124,12411,11,226,28.8
124,12413,13,284,68.4
124,12415,15,420,81
124,12417,17,582,81
125,12529,29,108,5.4
125,12539,39,162,10.8
125,12546,46,238,18
125,12554,54,382,25.2
125,12562,62,583,25.2
126,12618,18,108,10.8
126,12623,23,162,16.2
126,12628,28,243,27
126,12633,33,378,41.4
126,12638,38,585,43.2
127,12714,14,108,14.4
127,12718,18,166,21.6
127,12722,22,252,43.2
127,12726,26,425,54
127,12728,28,533,54
128,12812,12,108,14.4
128,12816,16,166,27
128,12819,19,247,46.8
128,12825,25,542,54
128,12829,29,434,54
129,12911,11,108,18
129,12914,14,162,27
129,12917,17,243,46.8
129,12920,20,383,57.6
129,12923,23,556,63
130,13010,10,108,18
130,13013,13,162,27
130,13015,15,216,46.8
130,13018,18,356,72
130,13021,21,572,72
131,13110,10,108,18
131,13113,13,162,28.8
131,13115,15,220,46.8
131,13118,18,360,81
131,13120,20,522,81
132,13209,9,108,18
132,13212,12,162,28.8
132,13215,15,248,68.4
132,13217,17,385,81
132,13219,19,547,81
133,13308,8,108,19.8
133,13311,11,167,28.8
133,13313,13,225,68.4
133,13315,15,362,81
133,13317,17,524,81
134,13408,8,118,21.6
134,13411,11,183,28.8
134,13413,13,240,68.4
134,13415,15,377,81
134,13417,17,539,81
135,13507,7,118,19.8
135,13511,11,197,28.8
135,13513,13,255,68.4
135,13515,15,392,81
135,13517,17,554,81
136,13606,6,118,21.6
136,13611,11,226,28.8
136,13613,13,284,68.4
136,13615,15,420,81
136,13617,17,582,81
137,13714,14,108,10.8
137,13718,18,173,16.2
137,13722,22,254,23.4
137,13725,25,371,48.6
137,13727,27,517,48.6
138,13810,10,108,12.6
138,13813,13,158,21.6
138,13815,15,223,37.8
138,13818,18,374,75.6
138,13819,19,526,75.6
139,13908,8,108,21.6
139,13910,10,173,27
139,13912,12,254,45
139,13914,14,289,81
139,13915,15,551,81
140,14008,8,118,21.6
140,14010,10,183,28.8
140,14012,12,269,59.4
140,14013,13,388,86.4
140,14015,15,561,86.4
141,14107,7,108,21.6
141,14109,9,173,28.8
141,14111,11,230,50.4
141,14113,13,282,86.4
141,14114,14,554,86.4
142,14207,7,118,21.6
142,14208,8,161,32.4
142,14211,11,258,54
142,14212,12,366,91.8
142,14213,13,550,91.8
143,14306,6,108,21.6
143,14308,8,173,36
143,14310,10,245,57.6
143,14311,11,360,95.4
143,14313,13,551,95.4
144,14406,6,118,25.2
144,14408,8,168,37.8
144,14409,9,244,57.6
144,14411,11,359,95.4
144,14412,12,550,97.2
145,14506,6,118,27
145,14508,8,172,39.6
145,14509,9,251,57.6
145,14511,11,366,97.2
145,14512,12,561,99
146,14606,6,128,27
146,14607,7,155,39.6
146,14608,8,234,57.6
146,14610,10,349,97.2
146,14611,11,544,99
147,14706,6,118,27
147,14708,8,199,39.6
147,14709,9,278,57.6
147,14711,11,393,97.2
147,14712,12,588,99
148,14805,5,108,27
148,14807,7,189,39.6
148,14808,8,268,57.6
148,14810,10,383,97.2
148,14811,11,578,99
149,14920,20,108,5.4
149,14927,27,162,10.8
149,14932,32,238,18
149,14938,38,382,25.2
149,14943,43,583,25.2
150,15013,13,108,10.8
150,15016,16,162,16.2
150,15020,20,243,27
150,15023,23,378,41.4
150,15027,27,585,43.2
151,15110,10,108,14.4
151,15113,13,166,21.6
151,15115,15,252,43.2
151,15118,18,425,54
151,15120,20,533,54
152,15208,8,108,14.4
152,15211,11,166,27
152,15213,13,247,46.8
152,15218,18,542,54
152,15220,20,434,54
153,15308,8,108,18
153,15310,10,162,27
153,15312,12,243,46.8
153,15314,14,383,57.6
153,15316,16,556,63
154,15407,7,108,18
154,15409,9,162,27
154,15411,11,216,46.8
154,15413,13,356,72
154,15415,15,572,72
155,15507,7,108,18
155,15509,9,162,28.8
155,15511,11,220,46.8
155,15513,13,360,81
155,15514,14,522,81
156,15606,6,108,18
156,15608,8,162,28.8
156,15611,11,248,68.4
156,15612,12,385,81
156,15613,13,547,81
157,15706,6,108,19.8
157,15708,8,167,28.8
157,15709,9,225,68.4
157,15711,11,362,81
157,15712,12,524,81
158,15806,6,118,21.6
158,15808,8,183,28.8
158,15809,9,240,68.4
158,15811,11,377,81
158,15812,12,539,81
159,15905,5,118,19.8
159,15908,8,197,28.8
159,15909,9,255,68.4
159,15911,11,392,81
159,15912,12,554,81
160,16004,4,118,21.6
160,16008,8,226,28.8
160,16009,9,284,68.4
160,16011,11,420,81
160,16012,12,582,81
161,16120,20,108,5.4
161,16127,27,162,10.8
161,16132,32,238,18
161,16138,38,382,25.2
161,16143,43,583,25.2
162,16213,13,108,10.8
162,16216,16,162,16.2
162,16220,20,243,27
162,16223,23,378,41.4
162,16227,27,585,43.2
163,16310,10,108,14.4
163,16313,13,166,21.6
163,16315,15,252,43.2
163,16318,18,425,54
163,16320,20,533,54
164,16408,8,108,14.4
164,16411,11,166,27
164,16413,13,247,46.8
164,16418,18,542,54
164,16420,20,434,54
165,16508,8,108,18
165,16510,10,162,27
165,16512,12,243,46.8
165,16514,14,383,57.6
165,16516,16,556,63
166,16607,7,108,18
166,16609,9,162,27
166,16611,11,216,46.8
166,16613,13,356,72
166,16615,15,572,72
167,16707,7,108,18
167,16709,9,162,28.8
167,16711,11,220,46.8
167,16713,13,360,81
167,16714,14,522,81
168,16806,6,108,18
168,16808,8,162,28.8
168,16811,11,248,68.4
168,16812,12,385,81
168,16813,13,547,81
169,16906,6,108,19.8
169,16908,8,167,28.8
169,16909,9,225,68.4
169,16911,11,362,81
169,16912,12,524,81
170,17006,6,118,21.6
170,17008,8,183,28.8
170,17009,9,240,68.4
170,17011,11,377,81
170,17012,12,539,81
171,17105,5,118,19.8
171,17108,8,197,28.8
171,17109,9,255,68.4
171,17111,11,392,81
171,17112,12,554,81
172,17204,4,118,21.6
172,17208,8,226,28.8
172,17209,9,284,68.4
172,17211,11,420,81
172,17212,12,582,81
173,17323,23,108,10.8
173,17330,30,184,16.2
173,17337,37,297,36
173,17344,44,549,39.6
173,17351,51,826,39.6
174,17412,12,108,14.4
174,17420,20,180,19.8
174,17425,25,279,36
174,17429,29,423,54
174,17434,34,693,54
175,17512,12,108,18
175,17516,16,180,27
175,17520,20,288,45
175,17524,24,468,54
175,17528,28,684,54
176,17610,10,108,18
176,17613,13,162,27
176,17616,16,243,45
176,17620,20,423,81
176,17623,23,666,81
177,17710,10,108,18
177,17713,13,162,27
177,17716,16,243,68.4
177,17719,19,448,81
177,17722,22,691,81
178,17809,9,108,18
178,17812,12,162,41.4
178,17815,15,286,68.4
178,17818,18,491,81
178,17821,21,734,81
179,17909,9,118,27
179,17911,11,172,41.4
179,17914,14,296,68.4
179,17917,17,501,81
179,17919,19,663,81
180,18008,8,108,27
180,18010,10,162,41.4
180,18012,12,245,68.4
180,18015,15,450,81
180,18017,17,612,81
181,18108,8,118,27
181,18110,10,172,41.4
181,18112,12,255,68.4
181,18115,15,460,81
181,18117,17,622,81
182,18207,7,108,27
182,18210,10,189,41.4
182,18212,12,272,68.4
182,18214,14,409,81
182,18217,17,652,99
183,18307,7,118,27
183,18310,10,199,41.4
183,18312,12,282,68.4
183,18315,15,487,81
183,18317,17,649,81
184,18406,6,118,27
184,18410,10,226,41.4
184,18412,12,309,68.4
184,18414,14,446,81
184,18417,17,689,99
185,18525,25,108,10.8
185,18532,32,184,16.2
185,18539,39,297,36
185,18546,46,549,39.6
185,18553,53,826,39.6
186,18617,17,108,14.4
186,18622,22,180,19.8
186,18627,27,279,36
186,18631,31,423,54
186,18636,36,693,54
187,18714,14,108,18
187,18718,18,180,27
187,18722,22,288,45
187,18726,26,468,54
187,18730,30,684,54
188,18812,12,108,18
188,18815,15,162,27
188,18818,18,243,45
188,18822,22,423,81
188,18825,25,666,81
189,18912,12,108,18
189,18915,15,162,27
189,18918,18,243,68.4
189,18921,21,448,81
189,18924,24,691,81
190,19011,11,108,18
190,19014,14,162,41.4
190,19017,17,286,68.4
190,19020,20,491,81
190,19023,23,734,81
191,19111,11,118,27
191,19113,13,172,41.4
191,19116,16,296,68.4
191,19119,19,501,81
191,19121,21,663,81
192,19210,10,108,27
192,19212,12,162,41.4
192,19214,14,245,68.4
192,19217,17,450,81
192,19219,19,612,81
193,19310,10,118,27
193,19312,12,172,41.4
193,19314,14,255,68.4
193,19317,17,460,81
193,19319,19,622,81
194,19409,9,108,27
194,19412,12,198,41.4
194,19414,14,272,68.4
194,19416,16,409,81
194,19419,19,652,99
195,19509,9,118,27
195,19512,12,199,41.4
195,19514,14,282,68.4
195,19517,17,487,81
195,19519,19,649,81
196,19609,9,118,27
196,19612,12,226,41.4
196,19614,14,309,68.4
196,19616,16,446,81
196,19619,19,689,99
197,19732,32,108,9
197,19739,39,171,10.8
197,19749,49,279,16.2
197,19757,57,409,23.4
197,19765,65,596,23.4
198,19818,18,108,13.6
198,19823,23,171,18
198,19828,28,261,32.4
198,19832,32,391,39.6
198,19836,36,549,39.6
199,19915,15,108,12.6
199,19920,20,171,25.2
199,19924,24,272,45
199,19928,28,452,54
199,19930,30,560,54
200,20013,13,108,16.2
200,20017,17,173,27
200,20020,20,254,45
200,20024,24,434,64.8
200,20026,26,563,64.8
201,20113,13,118,16.2
201,20117,17,183,27
201,20120,20,264,45
201,20123,23,399,72
201,20125,25,543,72
202,20213,13,108,16.2
202,20217,17,173,27
202,20221,21,281,45
202,20223,23,371,72
202,20225,25,515,72
203,20313,13,118,16.2
203,20317,17,183,27
203,20320,20,264,66.6
203,20322,22,397,81
203,20324,24,559,81
204,20412,12,108,16.2
204,20416,16,173,27
204,20419,19,254,66.6
204,20421,21,387,81
204,20423,23,549,81
205,20512,12,118,16.2
205,20516,16,183,28.8
205,20519,19,269,68.4
205,20521,21,406,81
205,20523,23,568,81
206,20612,12,128,18
206,20615,15,182,41.4
206,20617,17,265,68.4
206,20619,19,402,81
206,20621,21,564,81
207,20711,11,128,16.2
207,20716,16,209,28.8
207,20719,19,295,68.4
207,20721,21,432,81
207,20723,23,594,81
208,20810,10,128,18
208,20815,15,218,41.4
208,20817,17,301,68.4
208,20819,19,438,81
208,20821,21,600,81
209,20916,16,693,10.8
209,20921,21,108,16.2
209,20926,26,180,36
209,20931,31,288,39.6
209,20936,36,468,39.6
210,21008,8,684,14.4
210,21014,14,108,19.8
210,21018,18,162,36
210,21020,20,243,54
210,21024,24,423,54
211,21108,8,666,18
211,21111,11,108,27
211,21114,14,162,45
211,21117,17,243,54
211,21120,20,448,54
212,21207,7,691,18
212,21209,9,108,27
212,21211,11,162,45
212,21214,14,286,81
212,21216,16,491,81
213,21307,7,734,18
213,21309,9,118,27
213,21311,11,172,68.4
213,21313,13,296,81
213,21315,15,501,81
214,21406,6,663,18
214,21408,8,108,41.4
214,21411,11,162,68.4
214,21413,13,245,81
214,21415,15,450,81
215,21506,6,612,27
215,21508,8,118,41.4
215,21510,10,172,68.4
215,21512,12,255,81
215,21513,13,460,81
216,21606,6,622,27
216,21607,7,108,41.4
216,21608,8,189,68.4
216,21611,11,272,81
216,21612,12,409,81
217,21706,6,652,27
217,21707,7,118,41.4
217,21708,8,199,68.4
217,21711,11,282,81
217,21712,12,487,81
218,21805,5,649,27
218,21807,7,118,41.4
218,21808,8,226,68.4
218,21810,10,309,81
218,21812,12,446,99
219,21905,5,689,27
219,21907,7,108,41.4
219,21908,8,184,68.4
219,21911,11,297,81
219,21912,12,549,81
220,22004,4,826,27
220,22007,7,108,41.4
220,22008,8,180,68.4
220,22010,10,279,81
220,22012,12,423,99
221,22118,18,693,10.8
221,22122,22,108,16.2
221,22127,27,180,36
221,22132,32,288,39.6
221,22137,37,468,39.6
222,22212,12,684,14.4
222,22215,15,108,19.8
222,22219,19,162,36
222,22222,22,243,54
222,22225,25,423,54
223,22310,10,666,18
223,22313,13,108,27
223,22315,15,162,45
223,22318,18,243,54
223,22321,21,448,54
224,22408,8,691,18
224,22411,11,108,27
224,22413,13,162,45
224,22415,15,286,81
224,22418,18,491,81
225,22508,8,734,18
225,22511,11,118,27
225,22513,13,172,68.4
225,22515,15,296,81
225,22517,17,501,81
226,22608,8,663,18
226,22610,10,108,41.4
226,22612,12,162,68.4
226,22614,14,245,81
226,22616,16,450,81
227,22708,8,612,27
227,22709,9,118,41.4
227,22711,11,172,68.4
227,22713,13,255,81
227,22715,15,460,81
228,22807,7,622,27
228,22808,8,108,41.4
228,22810,10,198,68.4
228,22812,12,272,81
228,22813,13,409,81
229,22907,7,652,27
229,22908,8,118,41.4
229,22910,10,199,68.4
229,22912,12,282,81
229,22913,13,487,81
230,23006,6,649,27
230,23008,8,118,41.4
230,23010,10,226,68.4
230,23011,11,309,81
230,23013,13,446,99
231,23106,6,689,27
231,23108,8,108,41.4
231,23110,10,171,68.4
231,23112,12,279,81
231,23113,13,409,81
232,23206,6,596,27
232,23208,8,108,41.4
232,23210,10,171,68.4
232,23211,11,261,81
232,23213,13,391,99
233,23322,22,549,9
233,23327,27,108,10.8
233,23334,34,171,16.2
233,23340,40,272,23.4
233,23346,46,452,23.4
234,23413,13,560,13.6
234,23416,16,108,18
234,23420,20,173,32.4
234,23422,22,254,39.6
234,23425,25,434,39.6
235,23511,11,563,12.6
235,23514,14,118,25.2
235,23517,17,183,45
235,23520,20,264,54
235,23521,21,399,54
236,23609,9,543,16.2
236,23612,12,108,27
236,23614,14,173,45
236,23617,17,281,64.8
236,23618,18,371,64.8
237,23709,9,515,16.2
237,23712,12,118,27
237,23714,14,183,45
237,23716,16,264,72
237,23718,18,397,72
238,23809,9,559,16.2
238,23812,12,108,27
238,23815,15,173,45
238,23816,16,254,72
238,23818,18,387,72
239,23909,9,549,16.2
239,23912,12,118,27
239,23914,14,183,66.6
239,23915,15,269,81
239,23917,17,406,81
240,24008,8,568,16.2
240,24011,11,128,27
240,24013,13,182,66.6
240,24015,15,265,81
240,24016,16,402,81
241,24108,8,564,16.2
241,24111,11,128,28.8
241,24113,13,209,68.4
241,24115,15,295,81
241,24116,16,432,81
242,24208,8,594,18
242,24211,11,128,41.4
242,24212,12,218,68.4
242,24213,13,301,81
242,24215,15,438,81
243,24308,8,600,16.2
243,24311,11,693,28.8
243,24313,13,108,68.4
243,24315,15,180,81
243,24316,16,288,81
244,24407,7,468,18
244,24411,11,684,41.4
244,24412,12,108,68.4
244,24413,13,162,81
244,24415,15,243,81
245,24523,23,108,10.8
245,24530,30,184,16.2
245,24537,37,297,36
245,24544,44,549,39.6
245,24551,51,826,39.6
246,24612,12,108,14.4
246,24620,20,180,19.8
246,24625,25,279,36
246,24629,29,423,54
246,24634,34,693,54
247,24712,12,108,18
247,24716,16,180,27
247,24720,20,288,45
247,24724,24,468,54
247,24728,28,684,54
248,24810,10,108,18
248,24813,13,162,27
248,24816,16,243,45
248,24820,20,423,81
248,24823,23,666,81
249,24910,10,108,18
249,24913,13,162,27
249,24916,16,243,68.4
249,24919,19,448,81
249,24922,22,691,81
250,25009,9,108,18
250,25012,12,162,41.4
250,25015,15,286,68.4
250,25018,18,491,81
250,25021,21,734,81
251,25109,9,118,27
251,25111,11,172,41.4
251,25114,14,296,68.4
251,25117,17,501,81
251,25119,19,663,81
252,25208,8,108,27
252,25210,10,162,41.4
252,25212,12,245,68.4
252,25215,15,450,81
252,25217,17,612,81
253,25308,8,118,27
253,25310,10,172,41.4
253,25312,12,255,68.4
253,25315,15,460,81
253,25317,17,622,81
254,25407,7,108,27
254,25410,10,189,41.4
254,25412,12,272,68.4
254,25414,14,409,81
254,25417,17,652,99
255,25507,7,118,27
255,25510,10,199,41.4
255,25512,12,282,68.4
255,25515,15,487,81
255,25517,17,649,81
256,25606,6,118,27
256,25610,10,226,41.4
256,25612,12,309,68.4
256,25614,14,446,81
256,25617,17,689,99
257,25725,25,108,10.8
257,25732,32,184,16.2
257,25739,39,297,36
257,25746,46,549,39.6
257,25753,53,826,39.6
258,25817,17,108,14.4
258,25822,22,180,19.8
258,25827,27,279,36
258,25831,31,423,54
258,25836,36,693,54
259,25914,14,108,18
259,25918,18,180,27
259,25922,22,288,45
259,25926,26,468,54
259,25930,30,684,54
260,26012,12,108,18
260,26015,15,162,27
260,26018,18,243,45
260,26022,22,423,81
260,26025,25,666,81
261,26112,12,108,18
261,26115,15,162,27
261,26118,18,243,68.4
261,26121,21,448,81
261,26124,24,691,81
262,26211,11,108,18
262,26214,14,162,41.4
262,26217,17,286,68.4
262,26220,20,491,81
262,26223,23,734,81
263,26311,11,118,27
263,26313,13,172,41.4
263,26316,16,296,68.4
263,26319,19,501,81
263,26321,21,663,81
264,26410,10,108,27
264,26412,12,162,41.4
264,26414,14,245,68.4
264,26417,17,450,81
264,26419,19,612,81
265,26510,10,118,27
265,26512,12,172,41.4
265,26514,14,255,68.4
265,26517,17,460,81
265,26519,19,622,81
266,26609,9,108,27
266,26612,12,198,41.4
266,26614,14,272,68.4
266,26616,16,409,81
266,26619,19,652,99
267,26709,9,118,27
267,26712,12,199,41.4
267,26714,14,282,68.4
267,26717,17,487,81
267,26719,19,649,81
268,26809,9,118,27
268,26812,12,226,41.4
268,26814,14,309,68.4
268,26816,16,446,81
268,26819,19,689,99
269,26932,32,108,9
269,26939,39,171,10.8
269,26949,49,279,16.2
269,26957,57,409,23.4
269,26965,65,596,23.4
270,27018,18,108,13.6
270,27023,23,171,18
270,27028,28,261,32.4
270,27032,32,391,39.6
270,27036,36,549,39.6
271,27115,15,108,12.6
271,27120,20,171,25.2
271,27124,24,272,45
271,27128,28,452,54
271,27130,30,560,54
272,27213,13,108,16.2
272,27217,17,173,27
272,27220,20,254,45
272,27224,24,434,64.8
272,27226,26,563,64.8
273,27313,13,118,16.2
273,27317,17,183,27
273,27320,20,264,45
273,27323,23,399,72
273,27325,25,543,72
274,27413,13,108,16.2
274,27417,17,173,27
274,27421,21,281,45
274,27423,23,371,72
274,27425,25,515,72
275,27513,13,118,16.2
275,27517,17,183,27
275,27520,20,264,66.6
275,27522,22,397,81
275,27524,24,559,81
276,27612,12,108,16.2
276,27616,16,173,27
276,27619,19,254,66.6
276,27621,21,387,81
276,27623,23,549,81
277,27712,12,118,16.2
277,27716,16,183,28.8
277,27719,19,269,68.4
277,27721,21,406,81
277,27723,23,568,81
278,27812,12,128,18
278,27815,15,182,41.4
278,27817,17,265,68.4
278,27819,19,402,81
278,27821,21,564,81
279,27911,11,128,16.2
279,27916,16,209,28.8
279,27919,19,295,68.4
279,27921,21,432,81
279,27923,23,594,81
280,28010,10,128,18
280,28015,15,218,41.4
280,28017,17,301,68.4
280,28019,19,438,81
280,28021,21,600,81
281,28116,16,108,10.8
281,28121,21,184,16.2
281,28126,26,297,36
281,28131,31,549,39.6
281,28136,36,826,39.6
282,28208,8,108,14.4
282,28214,14,180,19.8
282,28218,18,279,36
282,28220,20,423,54
282,28224,24,693,54
283,28308,8,108,18
283,28311,11,180,27
283,28314,14,288,45
283,28317,17,468,54
283,28320,20,684,54
284,28407,7,108,18
284,28409,9,162,27
284,28411,11,243,45
284,28414,14,423,81
284,28416,16,666,81
285,28507,7,108,18
285,28509,9,162,27
285,28511,11,243,68.4
285,28513,13,448,81
285,28515,15,691,81
286,28606,6,108,18
286,28608,8,162,41.4
286,28611,11,286,68.4
286,28613,13,491,81
286,28615,15,734,81
287,28706,6,118,27
287,28708,8,172,41.4
287,28710,10,296,68.4
287,28712,12,501,81
287,28713,13,663,81
288,28806,6,108,27
288,28807,7,162,41.4
288,28808,8,245,68.4
288,28811,11,450,81
288,28812,12,612,81
289,28906,6,118,27
289,28907,7,172,41.4
289,28908,8,255,68.4
289,28911,11,460,81
289,28912,12,622,81
290,29005,5,108,27
290,29007,7,189,41.4
290,29008,8,272,68.4
290,29010,10,409,81
290,29012,12,652,99
291,29105,5,118,27
291,29107,7,199,41.4
291,29108,8,282,68.4
291,29111,11,487,81
291,29112,12,649,81
292,29204,4,118,27
292,29207,7,226,41.4
292,29208,8,309,68.4
292,29210,10,446,81
292,29212,12,689,99
293,29318,18,108,10.8
293,29322,22,184,16.2
293,29327,27,297,36
293,29332,32,549,39.6
293,29337,37,826,39.6
294,29412,12,108,14.4
294,29415,15,180,19.8
294,29419,19,279,36
294,29422,22,423,54
294,29425,25,693,54
295,29510,10,108,18
295,29513,13,180,27
295,29515,15,288,45
295,29518,18,468,54
295,29521,21,684,54
296,29608,8,108,18
296,29611,11,162,27
296,29613,13,243,45
296,29615,15,423,81
296,29618,18,666,81
297,29708,8,108,18
297,29711,11,162,27
297,29713,13,243,68.4
297,29715,15,448,81
297,29717,17,691,81
298,29808,8,108,18
298,29810,10,162,41.4
298,29812,12,286,68.4
298,29814,14,491,81
298,29816,16,734,81
299,29908,8,118,27
299,29909,9,172,41.4
299,29911,11,296,68.4
299,29913,13,501,81
299,29915,15,663,81
300,30007,7,108,27
300,30008,8,162,41.4
300,30010,10,245,68.4
300,30012,12,450,81
300,30013,13,612,81
301,30107,7,118,27
301,30108,8,172,41.4
301,30110,10,255,68.4
301,30112,12,460,81
301,30113,13,622,81
302,30206,6,108,27
302,30208,8,198,41.4
302,30210,10,272,68.4
302,30211,11,409,81
302,30213,13,652,99
303,30306,6,118,27
303,30308,8,199,41.4
303,30310,10,282,68.4
303,30312,12,487,81
303,30313,13,649,81
304,30406,6,118,27
304,30408,8,226,41.4
304,30410,10,309,68.4
304,30411,11,446,81
304,30413,13,689,99
305,30522,22,108,9
305,30527,27,171,10.8
305,30534,34,279,16.2
305,30540,40,409,23.4
305,30546,46,596,23.4
306,30613,13,108,13.6
306,30616,16,171,18
306,30620,20,261,32.4
306,30622,22,391,39.6
306,30625,25,549,39.6
307,30711,11,108,12.6
307,30714,14,171,25.2
307,30717,17,272,45
307,30720,20,452,54
307,30721,21,560,54
308,30809,9,108,16.2
308,30812,12,173,27
308,30814,14,254,45
308,30817,17,434,64.8
308,30818,18,563,64.8
309,30909,9,118,16.2
309,30912,12,183,27
309,30914,14,264,45
309,30916,16,399,72
309,30918,18,543,72
310,31009,9,108,16.2
310,31012,12,173,27
310,31015,15,281,45
310,31016,16,371,72
310,31018,18,515,72
311,31109,9,118,16.2
311,31112,12,183,27
311,31114,14,264,66.6
311,31115,15,397,81
311,31117,17,559,81
312,31208,8,108,16.2
312,31211,11,173,27
312,31213,13,254,66.6
312,31215,15,387,81
312,31216,16,549,81
313,31308,8,118,16.2
313,31311,11,183,28.8
313,31313,13,269,68.4
313,31315,15,406,81
313,31316,16,568,81
314,31408,8,128,18
314,31411,11,182,41.4
314,31412,12,265,68.4
314,31413,13,402,81
314,31415,15,564,81
315,31508,8,128,16.2
315,31511,11,209,28.8
315,31513,13,295,68.4
315,31515,15,432,81
315,31516,16,594,81
316,31607,7,128,18
316,31611,11,218,41.4
316,31612,12,301,68.4
316,31613,13,438,81
316,31615,15,600,81
317,31719,19,108,10.8
317,31724,24,162,16.2
317,31729,29,243,27
317,31734,34,378,48.6
317,31737,37,524,48.6
318,31813,13,108,16.2
318,31817,17,173,23.4
318,31820,20,243,43.2
318,31823,23,373,72
318,31825,25,517,72
319,31911,11,108,18
319,31914,14,162,27
319,31917,17,243,45
319,31920,20,378,81
319,31922,22,540,81
320,32011,11,118,27
320,32013,13,172,32.4
320,32016,16,269,45
320,32019,19,404,81
320,32021,21,566,81
321,32110,10,108,27
321,32112,12,162,32.4
321,32115,15,259,45
321,32118,18,394,82.8
321,32120,20,560,82.8
322,32210,10,118,27
322,32212,12,172,32.4
322,32215,15,269,59.4
322,32217,17,388,82.8
322,32219,19,554,82.8
323,32309,9,108,27
323,32311,11,162,32.4
323,32314,14,259,59.4
323,32316,16,378,90
323,32318,18,558,90
324,32409,9,118,27
324,32411,11,172,41.4
324,32413,13,255,63
324,32415,15,381,90
324,32417,17,561,90
325,32508,8,108,27
325,32510,10,162,41.4
325,32512,12,245,63
325,32514,14,371,90
325,32516,16,551,90
326,32608,8,118,27
326,32610,10,172,41.4
326,32612,12,255,64.8
326,32614,14,384,91.8
326,32616,16,568,91.8
327,32707,7,108,27
327,32710,10,189,41.4
327,32712,12,272,63
327,32714,14,398,90
327,32716,16,578,90
328,32807,7,118,27
328,32810,10,199,41.4
328,32812,12,282,64.8
328,32814,14,411,91.8
328,32816,16,595,91.8
329,32920,20,108,10.8
329,32925,25,162,16.2
329,32930,30,243,27
329,32935,35,378,48.6
329,32938,38,524,48.6
330,33014,14,108,16.2
330,33018,18,173,23.4
330,33021,21,243,43.2
330,33024,24,373,72
330,33026,26,517,72
331,33112,12,108,18
331,33115,15,162,27
331,33118,18,243,45
331,33121,21,378,81
331,33123,23,540,81
332,33212,12,118,21.6
332,33215,15,183,27
332,33218,18,264,45
332,33221,21,399,81
332,33223,23,561,81
333,33311,11,108,21.6
333,33314,14,173,27
333,33317,17,254,45
333,33320,20,389,81
333,33322,22,551,81
334,33411,11,118,27
334,33413,13,172,32.4
334,33416,16,269,45
334,33419,19,404,81
334,33421,21,566,81
335,33510,10,108,27
335,33512,12,162,32.4
335,33515,15,259,45
335,33518,18,394,82.8
335,33520,20,560,82.8
336,33610,10,118,27
336,33612,12,172,32.4
336,33615,15,269,59.4
336,33617,17,388,82.8
336,33619,19,554,82.8
337,33709,9,108,27
337,33711,11,162,32.4
337,33714,14,259,59.4
337,33716,16,378,90
337,33718,18,558,90
338,33809,9,118,27
338,33811,11,172,41.4
338,33813,13,255,63
338,33815,15,381,90
338,33817,17,561,90
339,33908,8,118,27
339,33910,10,172,41.4
339,33912,12,255,63
339,33914,14,381,90
339,33916,16,561,90
340,34007,7,118,27
340,34009,9,172,41.4
340,34011,11,255,63
340,34013,13,381,90
340,34015,15,561,90
341,34129,29,108,9
341,34136,36,171,12.6
341,34143,43,259,18
341,34151,51,403,23.4
341,34158,58,567,25.2
342,34217,17,108,14.5
342,34221,21,166,21.5
342,34225,25,252,32.5
342,34229,29,382,39.5
342,34233,33,540,41.4
343,34314,14,108,14.4
343,34318,18,166,28.8
343,34321,21,252,45
343,34324,24,387,54
343,34327,27,549,54
344,34413,13,108,19.8
344,34416,16,167,30.6
344,34419,19,259,45
344,34422,22,394,68.4
344,34424,24,531,68.4
345,34512,12,108,19.8
345,34515,15,167,30.6
345,34518,18,259,45
345,34521,21,394,81
345,34523,23,556,81
346,34611,11,108,19.8
346,34614,14,167,30.6
346,34617,17,259,45
346,34620,20,394,81
346,34622,22,556,81
347,34711,11,118,19.8
347,34714,14,177,30.6
347,34717,17,269,66.6
347,34719,19,402,81
347,34721,21,564,81
348,34810,10,118,19.8
348,34813,13,177,30.6
348,34816,16,269,66.6
348,34818,18,402,81
348,34820,20,564,81
349,34910,10,128,19.8
349,34913,13,197,30.6
349,34916,16,279,66.6
349,34918,18,416,81
349,34920,20,578,81
350,35009,9,118,19.8
350,35013,13,197,30.6
350,35015,15,280,66.6
350,35017,17,417,81
350,35019,19,579,81
351,35108,8,118,19.8
351,35113,13,217,30.6
351,35116,16,309,66.6
351,35118,18,446,81
351,35120,20,608,81
352,35208,8,128,19.8
352,35213,13,227,30.6
352,35215,15,310,66.6
352,35217,17,447,81
352,35219,19,609,81
353,35313,13,108,10.8
353,35317,17,162,16.2
353,35320,20,243,27
353,35324,24,378,48.6
353,35326,26,524,48.6
354,35409,9,108,16.2
354,35412,12,173,23.4
354,35414,14,243,43.2
354,35416,16,373,72
354,35418,18,517,72
355,35508,8,108,18
355,35510,10,162,27
355,35512,12,243,45
355,35514,14,378,81
355,35515,15,540,81
356,35608,8,118,27
356,35609,9,172,32.4
356,35611,11,269,45
356,35613,13,404,81
356,35615,15,566,81
357,35707,7,108,27
357,35708,8,162,32.4
357,35711,11,259,45
357,35713,13,394,82.8
357,35714,14,560,82.8
358,35807,7,118,27
358,35808,8,172,32.4
358,35811,11,269,59.4
358,35812,12,388,82.8
358,35813,13,554,82.8
359,35906,6,108,27
359,35908,8,162,32.4
359,35910,10,259,59.4
359,35911,11,378,90
359,35913,13,558,90
360,36006,6,118,27
360,36008,8,172,41.4
360,36009,9,255,63
360,36011,11,381,90
360,36012,12,561,90
361,36106,6,108,27
361,36107,7,162,41.4
361,36108,8,245,63
361,36110,10,371,90
361,36111,11,551,90
362,36206,6,118,27
362,36207,7,172,41.4
362,36208,8,255,64.8
362,36210,10,384,91.8
362,36211,11,568,91.8
363,36305,5,108,27
363,36307,7,189,41.4
363,36308,8,272,63
363,36310,10,398,90
363,36311,11,578,90
364,36405,5,118,27
364,36407,7,199,41.4
364,36408,8,282,64.8
364,36410,10,411,91.8
364,36411,11,595,91.8
365,36514,14,108,10.8
365,36518,18,162,16.2
365,36521,21,243,27
365,36525,25,378,48.6
365,36527,27,524,48.6
366,36610,10,108,16.2
366,36613,13,173,23.4
366,36615,15,243,43.2
366,36617,17,373,72
366,36618,18,517,72
367,36708,8,108,18
367,36711,11,162,27
367,36713,13,243,45
367,36715,15,378,81
367,36716,16,540,81
368,36808,8,118,21.6
368,36811,11,183,27
368,36813,13,264,45
368,36815,15,399,81
368,36816,16,561,81
369,36908,8,108,21.6
369,36910,10,173,27
369,36912,12,254,45
369,36914,14,389,81
369,36915,15,551,81
370,37008,8,118,27
370,37009,9,172,32.4
370,37011,11,269,45
370,37013,13,404,81
370,37015,15,566,81
371,37107,7,108,27
371,37108,8,162,32.4
371,37111,11,259,45
371,37113,13,394,82.8
371,37114,14,560,82.8
372,37207,7,118,27
372,37208,8,172,32.4
372,37211,11,269,59.4
372,37212,12,388,82.8
372,37213,13,554,82.8
373,37306,6,108,27
373,37308,8,162,32.4
373,37310,10,259,59.4
373,37311,11,378,90
373,37313,13,558,90
374,37406,6,118,27
374,37408,8,172,41.4
374,37409,9,255,63
374,37411,11,381,90
374,37412,12,561,90
375,37506,6,118,27
375,37507,7,172,41.4
375,37508,8,255,63
375,37510,10,381,90
375,37511,11,561,90
376,37605,5,118,27
376,37606,6,172,41.4
376,37608,8,255,63
376,37609,9,381,90
376,37611,11,561,90
377,37720,20,108,9
377,37725,25,171,12.6
377,37730,30,259,18
377,37736,36,403,23.4
377,37741,41,567,25.2
378,37812,12,108,14.5
378,37815,15,166,21.5
378,37818,18,252,32.5
378,37820,20,382,39.5
378,37823,23,540,41.4
379,37910,10,108,14.4
379,37913,13,166,28.8
379,37915,15,252,45
379,37917,17,387,54
379,37919,19,549,54
380,38009,9,108,19.8
380,38011,11,167,30.6
380,38013,13,259,45
380,38015,15,394,68.4
380,38017,17,531,68.4
381,38108,8,108,19.8
381,38111,11,167,30.6
381,38113,13,259,45
381,38115,15,394,81
381,38116,16,556,81
382,38208,8,108,19.8
382,38210,10,167,30.6
382,38212,12,259,45
382,38214,14,394,81
382,38215,15,556,81
383,38308,8,118,19.8
383,38310,10,177,30.6
383,38312,12,269,66.6
383,38313,13,402,81
383,38315,15,564,81
384,38407,7,118,19.8
384,38409,9,177,30.6
384,38411,11,269,66.6
384,38413,13,402,81
384,38414,14,564,81
385,38507,7,128,19.8
385,38509,9,197,30.6
385,38511,11,279,66.6
385,38513,13,416,81
385,38514,14,578,81
386,38606,6,118,19.8
386,38609,9,197,30.6
386,38611,11,280,66.6
386,38612,12,417,81
386,38613,13,579,81
387,38706,6,118,19.8
387,38709,9,217,30.6
387,38711,11,309,66.6
387,38713,13,446,81
387,38714,14,608,81
388,38806,6,128,19.8
388,38809,9,227,30.6
388,38811,11,310,66.6
388,38812,12,447,81
388,38813,13,609,81
389,38919,19,108,10.8
389,38924,24,162,16.2
389,38929,29,243,27
389,38934,34,378,48.6
389,38937,37,524,48.6
390,39013,13,108,16.2
390,39017,17,173,23.4
390,39020,20,243,43.2
390,39023,23,373,72
390,39025,25,517,72
391,39111,11,108,18
391,39114,14,162,27
391,39117,17,243,45
391,39120,20,378,81
391,39122,22,540,81
392,39211,11,118,27
392,39213,13,172,32.4
392,39216,16,269,45
392,39219,19,404,81
392,39221,21,566,81
393,39310,10,108,27
393,39312,12,162,32.4
393,39315,15,259,45
393,39318,18,394,82.8
393,39320,20,560,82.8
394,39410,10,118,27
394,39412,12,172,32.4
394,39415,15,269,59.4
394,39417,17,388,82.8
394,39419,19,554,82.8
395,39509,9,108,27
395,39511,11,162,32.4
395,39514,14,259,59.4
395,39516,16,378,90
395,39518,18,558,90
396,39609,9,118,27
396,39611,11,172,41.4
396,39613,13,255,63
396,39615,15,381,90
396,39617,17,561,90
397,39708,8,108,27
397,39710,10,162,41.4
397,39712,12,245,63
397,39714,14,371,90
397,39716,16,551,90
398,39808,8,118,27
398,39810,10,172,41.4
398,39812,12,255,64.8
398,39814,14,384,91.8
398,39816,16,568,91.8
399,39907,7,108,27
399,39910,10,189,41.4
399,39912,12,272,63
399,39914,14,398,90
399,39916,16,578,90
400,40007,7,118,27
400,40010,10,199,41.4
400,40012,12,282,64.8
400,40014,14,411,91.8
400,40016,16,595,91.8
401,40120,20,108,10.8
401,40125,25,162,16.2
401,40130,30,243,27
401,40135,35,378,48.6
401,40138,38,524,48.6
402,40214,14,108,16.2
402,40218,18,173,23.4
402,40221,21,243,43.2
402,40224,24,373,72
402,40226,26,517,72
403,40312,12,108,18
403,40315,15,162,27
403,40318,18,243,45
403,40321,21,378,81
403,40323,23,540,81
404,40412,12,118,21.6
404,40415,15,183,27
404,40418,18,264,45
404,40421,21,399,81
404,40423,23,561,81
405,40511,11,108,21.6
405,40514,14,173,27
405,40517,17,254,45
405,40520,20,389,81
405,40522,22,551,81
406,40611,11,118,27
406,40613,13,172,32.4
406,40616,16,269,45
406,40619,19,404,81
406,40621,21,566,81
407,40710,10,108,27
407,40712,12,162,32.4
407,40715,15,259,45
407,40718,18,394,82.8
407,40720,20,560,82.8
408,40810,10,118,27
408,40812,12,172,32.4
408,40815,15,269,59.4
408,40817,17,388,82.8
408,40819,19,554,82.8
409,40909,9,108,27
409,40911,11,162,32.4
409,40914,14,259,59.4
409,40916,16,378,90
409,40918,18,558,90
410,41009,9,118,27
410,41011,11,172,41.4
410,41013,13,255,63
410,41015,15,381,90
410,41017,17,561,90
411,41108,8,118,27
411,41110,10,172,41.4
411,41112,12,255,63
411,41114,14,381,90
411,41116,16,561,90
412,41207,7,118,27
412,41209,9,172,41.4
412,41211,11,255,63
412,41213,13,381,90
412,41215,15,561,90
413,41329,29,108,9
413,41336,36,171,12.6
413,41343,43,259,18
413,41351,51,403,23.4
413,41358,58,567,25.2
414,41417,17,108,14.5
414,41421,21,166,21.5
414,41425,25,252,32.5
414,41429,29,382,39.5
414,41433,33,540,41.4
415,41514,14,108,14.4
415,41518,18,166,28.8
415,41521,21,252,45
415,41524,24,387,54
415,41527,27,549,54
416,41613,13,108,19.8
416,41616,16,167,30.6
416,41619,19,259,45
416,41622,22,394,68.4
416,41624,24,531,68.4
417,41712,12,108,19.8
417,41715,15,167,30.6
417,41718,18,259,45
417,41721,21,394,81
417,41723,23,556,81
418,41811,11,108,19.8
418,41814,14,167,30.6
418,41817,17,259,45
418,41820,20,394,81
418,41822,22,556,81
419,41911,11,118,19.8
419,41914,14,177,30.6
419,41917,17,269,66.6
419,41919,19,402,81
419,41921,21,564,81
420,42010,10,118,19.8
420,42013,13,177,30.6
420,42016,16,269,66.6
420,42018,18,402,81
420,42020,20,564,81
421,42110,10,128,19.8
421,42113,13,197,30.6
421,42116,16,279,66.6
421,42118,18,416,81
421,42120,20,578,81
422,42209,9,118,19.8
422,42213,13,197,30.6
422,42215,15,280,66.6
422,42217,17,417,81
422,42219,19,579,81
423,42308,8,118,19.8
423,42313,13,217,30.6
423,42316,16,309,66.6
423,42318,18,446,81
423,42320,20,608,81
424,42408,8,128,19.8
424,42413,13,227,30.6
424,42415,15,310,66.6
424,42417,17,447,81
424,42419,19,609,81
425,42513,13,108,10.8
425,42517,17,162,16.2
425,42520,20,243,27
425,42524,24,378,48.6
425,42526,26,524,48.6
426,42609,9,108,16.2
426,42612,12,173,23.4
426,42614,14,243,43.2
426,42616,16,373,72
426,42618,18,517,72
427,42708,8,108,18
427,42710,10,162,27
427,42712,12,243,45
427,42714,14,378,81
427,42715,15,540,81
428,42808,8,118,27
428,42809,9,172,32.4
428,42811,11,269,45
428,42813,13,404,81
428,42815,15,566,81
429,42907,7,108,27
429,42908,8,162,32.4
429,42911,11,259,45
429,42913,13,394,82.8
429,42914,14,560,82.8
430,43007,7,118,27
430,43008,8,172,32.4
430,43011,11,269,59.4
430,43012,12,388,82.8
430,43013,13,554,82.8
431,43106,6,108,27
431,43108,8,162,32.4
431,43110,10,259,59.4
431,43111,11,378,90
431,43113,13,558,90
432,43206,6,118,27
432,43208,8,172,41.4
432,43209,9,255,63
432,43211,11,381,90
432,43212,12,561,90
433,43306,6,108,27
433,43307,7,162,41.4
433,43308,8,245,63
433,43310,10,371,90
433,43311,11,551,90
434,43406,6,118,27
434,43407,7,172,41.4
434,43408,8,255,64.8
434,43410,10,384,91.8
434,43411,11,568,91.8
435,43505,5,108,27
435,43507,7,189,41.4
435,43508,8,272,63
435,43510,10,398,90
435,43511,11,578,90
436,43605,5,118,27
436,43607,7,199,41.4
436,43608,8,282,64.8
436,43610,10,411,91.8
436,43611,11,595,91.8
437,43714,14,108,10.8
437,43718,18,162,16.2
437,43721,21,243,27
437,43725,25,378,48.6
437,43727,27,524,48.6
438,43810,10,108,16.2
438,43813,13,173,23.4
438,43815,15,243,43.2
438,43817,17,373,72
438,43818,18,517,72
439,43908,8,108,18
439,43911,11,162,27
439,43913,13,243,45
439,43915,15,378,81
439,43916,16,540,81
440,44008,8,118,21.6
440,44011,11,183,27
440,44013,13,264,45
440,44015,15,399,81
440,44016,16,561,81
441,44108,8,108,21.6
441,44110,10,173,27
441,44112,12,254,45
441,44114,14,389,81
441,44115,15,551,81
442,44208,8,118,27
442,44209,9,172,32.4
442,44211,11,269,45
442,44213,13,404,81
442,44215,15,566,81
443,44307,7,108,27
443,44308,8,162,32.4
443,44311,11,259,45
443,44313,13,394,82.8
443,44314,14,560,82.8
444,44407,7,118,27
444,44408,8,172,32.4
444,44411,11,269,59.4
444,44412,12,388,82.8
444,44413,13,554,82.8
445,44506,6,108,27
445,44508,8,162,32.4
445,44510,10,259,59.4
445,44511,11,378,90
445,44513,13,558,90
446,44606,6,118,27
446,44608,8,172,41.4
446,44609,9,255,63
446,44611,11,381,90
446,44612,12,561,90
447,44706,6,118,27
447,44707,7,172,41.4
447,44708,8,255,63
447,44710,10,381,90
447,44711,11,561,90
448,44805,5,118,27
448,44806,6,172,41.4
448,44808,8,255,63
448,44809,9,381,90
448,44811,11,561,90
449,44920,20,108,9
449,44925,25,171,12.6
449,44930,30,259,18
449,44936,36,403,23.4
449,44941,41,567,25.2
450,45012,12,108,14.5
450,45015,15,166,21.5
450,45018,18,252,32.5
450,45020,20,382,39.5
450,45023,23,540,41.4
451,45110,10,108,14.4
451,45113,13,166,28.8
451,45115,15,252,45
451,45117,17,387,54
451,45119,19,549,54
452,45209,9,108,19.8
452,45211,11,167,30.6
452,45213,13,259,45
452,45215,15,394,68.4
452,45217,17,531,68.4
453,45308,8,108,19.8
453,45311,11,167,30.6
453,45313,13,259,45
453,45315,15,394,81
453,45316,16,556,81
454,45408,8,108,19.8
454,45410,10,167,30.6
454,45412,12,259,45
454,45414,14,394,81
454,45415,15,556,81
455,45508,8,118,19.8
455,45510,10,177,30.6
455,45512,12,269,66.6
455,45513,13,402,81
455,45515,15,564,81
456,45607,7,118,19.8
456,45609,9,177,30.6
456,45611,11,269,66.6
456,45613,13,402,81
456,45614,14,564,81
457,45707,7,128,19.8
457,45709,9,197,30.6
457,45711,11,279,66.6
457,45713,13,416,81
457,45714,14,578,81
458,45806,6,118,19.8
458,45809,9,197,30.6
458,45811,11,280,66.6
458,45812,12,417,81
458,45813,13,579,81
459,45906,6,118,19.8
459,45909,9,217,30.6
459,45911,11,309,66.6
459,45913,13,446,81
459,45914,14,608,81
460,46006,6,128,19.8
460,46009,9,227,30.6
460,46011,11,310,66.6
460,46012,12,447,81
460,46013,13,609,81
